ICGC_MB211,HACE1
ICGC_MB134,SCRIB
ICGC_MB107,WDR27
ICGC_MB107,C5AR1
ICGC_LFS_MB2,SARM1
116757,SPAST
146199,TAP2
146199,ENTPD7
ICGC_LFS_MB1,SPICE1
ICGC_LFS_MB1,KIAA2018
ICGC_LFS_MB1,NEK11
ICGC_LFS_MB1,DDX60L
ICGC_LFS_MB1,SYT10
ICGC_LFS_MB1,CCDC144A
ICGC_MB110,PLEC
ICGC_MB110,GGA2
ICGC_MB110,ZNF267
ICGC_MB110,CES3
ICGC_MB84,C8orf33
ICGC_MB84,TUBGCP3
196865,DCBLD2
196865,TLR3
196865,DOCK8
196865,RAG1
ICGC_MB148,EIF2AK2
ICGC_MB148,STAU2
ICGC_MB163,ACKR4
167251,TBC1D23
167251,TMPRSS7
167251,TMPRSS9
ICGC_MB190,ZNF644
ICGC_MB190,UNC13C
ICGC_MB190,BSG
ICGC_MB190,ATP13A1
ICGC_MB243,EPB41L5
ICGC_MB243,DNAH7
ICGC_MB243,ARAP2
ICGC_MB243,A1CF
ICGC_MB243,PCDH15
ICGC_MB243,RTKN2
ICGC_MB243,CDH23
ICGC_MB243,STX3
ICGC_MB243,SLC3A2
ICGC_MB243,DUOXA1
ICGC_MB243,RHOT1
ICGC_MB243,ABCC3
ICGC_MB243,USP32
ICGC_MB243,COG1
ICGC_MB243,FAM104A
ICGC_MB243,SGSH
ICGC_MB243,SIPA1L3
ICGC_MB289,GOT1L1
ICGC_MB289,DDX31
163298,GEN1
ICGC_MB167,AMY2B
ICGC_MB256,PTCH1
119591,MASP2
119591,MASP2
119591,C1QA
119591,LCK
119591,LCK
119591,LCK
119591,LCK
119591,LCK
119591,C8B
119591,C8B
119591,C8B
119591,C8B
119591,C8B
119591,C8B
119591,C8B
119591,C8B
119591,C8B
119591,GFI1
119591,RFX5
119591,RFX5
119591,RFX5
119591,RFX5
119591,RFX5
119591,RFX5
119591,RFX5
119591,HAX1
119591,HAX1
119591,NTRK1
119591,CD247
119591,CD247
119591,NCF2
119591,NCF2
119591,NCF2
119591,NCF2
119591,NCF2
119591,NCF2
119591,NCF2
119591,NCF2
119591,CFH
119591,CFH
119591,CFH
119591,CFH
119591,CFH
119591,CFH
119591,CFH
119591,CFH
119591,CFH
119591,CFH
119591,CFH
119591,CFH
119591,CFHR1
119591,PTPRC
119591,PTPRC
119591,PTPRC
119591,PTPRC
119591,PTPRC
119591,PTPRC
119591,PTPRC
119591,PTPRC
119591,PTPRC
119591,PTPRC
119591,PTPRC
119591,PTPRC
119591,PTPRC
119591,PTPRC
119591,PTPRC
119591,PTPRC
119591,PTPRC
119591,PTPRC
119591,PTPRC
119591,PTPRC
119591,C4BPB
119591,C4BPB
119591,C4BPB
119591,C4BPB
119591,C4BPB
119591,CR2
119591,CR2
119591,CR2
119591,CR2
119591,CR2
119591,CR2
119591,CR2
119591,CR2
119591,CR2
119591,ZAP70
119591,CXCR4
119591,LRP1B
119591,ORC4
119591,ORC4
119591,ORC4
119591,ORC4
119591,ORC4
119591,ORC4
119591,ORC4
119591,ORC4
119591,ORC4
119591,ORC4
119591,CASP10
119591,CASP10
119591,CASP10
119591,CASP10
119591,CASP10
119591,CASP10
119591,CASP10
119591,ERBB4
119591,ERBB4
119591,ERBB4
119591,ATRIP
119591,TREX1
119591,TREX1
119591,DCBLD2
119591,DCBLD2
119591,DCBLD2
119591,DCBLD2
119591,DCBLD2
119591,DCBLD2
119591,HCLS1
119591,HCLS1
119591,HCLS1
119591,HCLS1
119591,HCLS1
119591,HCLS1
119591,RNF168
119591,RNF168
119591,CLNK
119591,CLNK
119591,CLNK
119591,CFI
119591,CFI
119591,CFI
119591,CFI
119591,CFI
119591,CFI
119591,CFI
119591,TLR3
119591,TLR3
119591,TLR3
119591,IL7R
119591,IL7R
119591,IL7R
119591,C9
119591,C9
119591,C9
119591,C9
119591,C9
119591,C7
119591,C7
119591,C7
119591,C7
119591,C7
119591,C7
119591,C7
119591,C7
119591,C7
119591,C7
119591,C7
119591,C7
119591,C6
119591,C6
119591,C6
119591,C6
119591,C6
119591,C6
119591,C6
119591,C6
119591,C6
119591,C6
119591,C6
119591,C6
119591,AP3B1
119591,AP3B1
119591,AP3B1
119591,AP3B1
119591,AP3B1
119591,AP3B1
119591,AP3B1
119591,AP3B1
119591,AP3B1
119591,XRCC4
119591,XRCC4
119591,XRCC4
119591,XRCC4
119591,RAD50
119591,RAD50
119591,RAD50
119591,RAD50
119591,RAD50
119591,RAD50
119591,RAD50
119591,RAD50
119591,RAD50
119591,RAD50
119591,RAD50
119591,C2
119591,C2
119591,CFB
119591,C2
119591,CFB
119591,C2
119591,CFB
119591,C2
119591,C2
119591,CFB
119591,C2
119591,CFB
119591,C2
119591,CFB
119591,C2
119591,CFB
119591,C2
119591,CFB
119591,CFB
119591,CFB
119591,CFB
119591,CFB
119591,C4A
119591,TAP2
119591,TAP2
119591,TAP2
119591,TAP2
119591,TAP2
119591,TAP2
119591,TAP1
119591,TAP1
119591,TAP1
119591,TAP1
119591,TAP1
119591,TAPBP
119591,TAPBP
119591,IL17F
119591,PGM3
119591,PGM3
119591,PGM3
119591,PGM3
119591,PGM3
119591,PGM3
119591,PGM3
119591,IFNGR1
119591,IFNGR1
119591,SBDS
119591,SBDS
119591,NBN
119591,NBN
119591,NBN
119591,NBN
119591,NBN
119591,NBN
119591,NBN
119591,DOCK8
119591,DOCK8
119591,DOCK8
119591,DOCK8
119591,DOCK8
119591,DOCK8
119591,DOCK8
119591,DOCK8
119591,DOCK8
119591,DOCK8
119591,DOCK8
119591,DOCK8
119591,DOCK8
119591,DOCK8
119591,DOCK8
119591,DOCK8
119591,DOCK8
119591,DOCK8
119591,DOCK8
119591,DOCK8
119591,DOCK8
119591,DOCK8
119591,C5
119591,C5
119591,C5
119591,C5
119591,C5
119591,C5
119591,C5
119591,C5
119591,C5
119591,C5
119591,C5
119591,C5
119591,C5
119591,C8G
119591,C8G
119591,IL2RA
119591,IL2RA
119591,IL2RA
119591,IL2RA
119591,DCLRE1C
119591,DCLRE1C
119591,DCLRE1C
119591,DCLRE1C
119591,DCLRE1C
119591,MBL2
119591,PRF1
119591,CD81
119591,CD81
119591,CD59
119591,CD59
119591,RAG1
119591,RAG1
119591,RAG2
119591,RAG2
119591,RAG1
119591,RAG2
119591,RAG2
119591,RAG2
119591,SERPING1
119591,SERPING1
119591,SERPING1
119591,SERPING1
119591,NAALAD2
119591,NAALAD2
119591,NAALAD2
119591,NAALAD2
119591,NAALAD2
119591,NAALAD2
119591,NAALAD2
119591,MRE11A
119591,MRE11A
119591,MRE11A
119591,MRE11A
119591,MRE11A
119591,MRE11A
119591,MRE11A
119591,MRE11A
119591,ANKRD49
119591,ATM
119591,ATM
119591,ATM
119591,ATM
119591,ATM
119591,ATM
119591,ATM
119591,ATM
119591,ATM
119591,ATM
119591,ATM
119591,ATM
119591,ATM
119591,ATM
119591,ATM
119591,ATM
119591,ATM
119591,ATM
119591,ATM
119591,ATM
119591,ATM
119591,ATM
119591,ATM
119591,ATM
119591,ATM
119591,C11orf65
119591,ATM
119591,ATM
119591,ATM
119591,ATM
119591,ATM
119591,CD3E
119591,CD3E
119591,CD3E
119591,CD3D
119591,CD3G
119591,CD3G
119591,CD3G
119591,CD4
119591,CD4
119591,C1S
119591,C1S
119591,C1S
119591,C1S
119591,C1S
119591,C1S
119591,C1S
119591,C1RL
119591,C1RL
119591,IRAK4
119591,IRAK4
119591,IRAK4
119591,IRAK4
119591,IRAK4
119591,IRAK4
119591,ORAI1
119591,RFXAP
119591,RFXAP
119591,RFXAP
119591,LIG4
119591,LIG4
119591,NFKBIA
119591,NFKBIA
119591,SYNE2
119591,PML
119591,PML
119591,PML
119591,BLM
119591,BLM
119591,BLM
119591,BLM
119591,BLM
119591,BLM
119591,BLM
119591,BLM
119591,BLM
119591,CIITA
119591,CIITA
119591,CIITA
119591,CIITA
119591,CIITA
119591,CIITA
119591,CD19
119591,CD19
119591,CD19
119591,CD19
119591,CD19
119591,CORO1A
119591,NOD2
119591,NOD2
119591,NOD2
119591,NOD2
119591,NOD2
119591,NOD2
119591,USB1
119591,USB1
119591,USB1
119591,FOXN1
119591,FOXN1
119591,FOXN1
119591,FOXN1
119591,NF1
119591,STAT5B
119591,STAT5B
119591,STAT5B
119591,STAT5B
119591,STAT5B
119591,STAT5B
119591,STAT5B
119591,MPO
119591,MPO
119591,MPO
119591,MPO
119591,MPO
119591,UNC13D
119591,UNC13D
119591,UNC13D
119591,UNC13D
119591,UNC13D
119591,UNC13D
119591,TMC6
119591,TMC6
119591,TMC6
119591,TMC6
119591,TMC8
119591,TMC8
119591,TMC8
119591,TMC8
119591,IL12RB1
119591,IL12RB1
119591,IL12RB1
119591,MEF2B
119591,CD79A
119591,LIG1
119591,LIG1
119591,LIG1
119591,LIG1
119591,LIG1
119591,ADA
119591,ADA
119591,ADA
119591,AIRE
119591,AIRE
119591,COMT
119591,IGLL1
119591,IGLL1
ICGC_MB286,ST6GAL2
ICGC_MB136,PSMD5
ICGC_MB136,CREBBP
ICGC_MB136,NBR1
177895,SLC6A18
177895,VPS13A
ICGC_MB268,GABPB2
ICGC_MB106,PROM1
ICGC_MB183,KIAA0319
ICGC_MB104,FAM189B
ICGC_MB137,CDKN1B
ICGC_MB137,C2CD5
ICGC_MB137,BCAT1
ICGC_MB137,BCAT1
ICGC_MB137,DDX11
ICGC_MB137,GPR179
ICGC_MB137,CDK12
ICGC_MB137,MX2
134438,DDX31
ICGC_MB187,TTN
ICGC_MB187,TRAF3IP1
ICGC_MB187,FARP2
ICGC_MB187,GLRA3
ICGC_MB187,TYRP1
ICGC_MB187,USP6NL
ICGC_MB187,SFTPA2
ICGC_MB187,IFT81
ICGC_MB187,SEH1L
ICGC_MB187,DMWD
ICGC_MB290,FBXO48
ICGC_MB170,HIBCH
ICGC_MB170,WDR74
ICGC_MB125,TPM3
ICGC_MB125,C20orf202
ICGC_MB83,NINL
ICGC_MB83,REM1
ICGC_MB153,TYW3
ICGC_MB153,HS1BP3
ICGC_MB153,PDE1C
ICGC_MB153,BEST3
ICGC_MB159,ACAD11
ICGC_MB159,NPHP3
ICGC_MB151,CNTN4
ICGC_MB189,ARHGAP19
ICGC_MB281,SLC12A7
ICGC_MB281,HIST1H4D
ICGC_MB145,CARD14
ICGC_MB295,ORC4
139625,DDX31
ICGC_MB309,FRY
ICGC_MB309,GSE1
ICGC_MB309,IGLL5
ICGC_MB142,TSSK3
ICGC_MB142,OCLM
ICGC_MB142,DHFRL1
ICGC_MB142,PLS1
ICGC_MB142,LNX1
ICGC_MB142,PRIMPOL
ICGC_MB142,GPR63
ICGC_MB142,CEP85L
ICGC_MB142,AP5Z1
ICGC_MB142,SPAM1
ICGC_MB142,CLEC5A
ICGC_MB142,PTCH1
ICGC_MB142,SUGT1
ICGC_MB142,C15orf52
ICGC_MB142,PEG3
ICGC_MB101,SACS
ICGC_MB239,PPL
ICGC_MB250,CLASP1
ICGC_MB250,CLASP1
ICGC_MB250,HS6ST1
ICGC_MB250,PTPN18
ICGC_MB250,PTPN18
ICGC_MB250,ERBB4
ICGC_MB250,KCTD19
ICGC_MB250,RLTPR
ICGC_MB250,SLC5A10
ICGC_MB250,LRRC45
185985,ZDHHC11
185985,B4GALNT3
185985,C14orf183
185985,ATP5S
185985,L2HGDH
185985,KIR3DL1
198274,VN1R1
198274,ZNF418
ICGC_MB149,SYPL2
ICGC_MB149,CTBP2
ICGC_MB149,ZNF774
ICGC_MB149,SRCAP
ICGC_MB285,PGAP1
ICGC_MB165,OSMR
ICGC_MB165,CMYA5
ICGC_MB275,PCYT1A
ICGC_MB275,COPS2
ICGC_MB275,PNPLA6
ICGC_MB275,LRRN4
ICGC_MB275,GNAS
125462,PER1
ICGC_MB306,TRIM33
ICGC_MB265,VPS72
ICGC_MB265,VPS72
ICGC_MB236,LRRC69
ICGC_MB147,CYP4A11
ICGC_MB147,PDE4DIP
ICGC_MB147,NOTCH2NL
ICGC_MB147,PDZK1
ICGC_MB147,CFH
ICGC_MB147,CFH
ICGC_MB147,CFHR1
ICGC_MB147,CEP170
ICGC_MB147,TTC30B
ICGC_MB147,STRADB
ICGC_MB147,GLT8D1
ICGC_MB147,CD200R1L
ICGC_MB147,SMR3B
ICGC_MB147,GTF2H2
ICGC_MB147,DMGDH
ICGC_MB147,SIMC1
ICGC_MB147,ZNF354B
ICGC_MB147,UNC93A
ICGC_MB147,TNRC18
ICGC_MB147,DPY19L1
ICGC_MB147,HAUS6
ICGC_MB147,ANKRD18B
ICGC_MB147,ANKRD18B
ICGC_MB147,KIF27
ICGC_MB147,KIF27
ICGC_MB147,AKR1C1
ICGC_MB147,LYZL2
ICGC_MB147,SYT15
ICGC_MB147,NUTM2D
ICGC_MB147,HTR7
ICGC_MB147,APIP
ICGC_MB147,XRRA1
ICGC_MB147,OR8G5
ICGC_MB147,M6PR
ICGC_MB147,PYROXD1
ICGC_MB147,NAP1L1
ICGC_MB147,TDG
ICGC_MB147,GOLGA8H
ICGC_MB147,ARHGAP11A
ICGC_MB147,CKMT1B
ICGC_MB147,CLEC16A
ICGC_MB147,ACSM2B
ICGC_MB147,ACSM2B
ICGC_MB147,USP6
ICGC_MB147,ZNF286A
ICGC_MB147,CCDC144A
ICGC_MB147,ZNF286B
ICGC_MB147,AMZ2
ICGC_MB147,ANKRD30B
ICGC_MB147,ZNF763
ICGC_MB147,ZNF442
ICGC_MB147,ZNF98
ICGC_MB147,ZNF492
ICGC_MB147,ZNF585A
ICGC_MB147,ZNF615
ICGC_MB147,ZNF28
ICGC_MB176,ALDOA
ICGC_MB185,CTNNA3
ICGC_MB297,CYB561A3
ICGC_MB297,TMEM138
ICGC_MB304,ACOT4
ICGC_MB214,METTL10
187057,PTCH1
183235,SEMA4F
ICGC_MB113,CENPO
ICGC_MB152,NDRG1
ICGC_MB152,ICOSLG
ICGC_MB161,RSPH1
128398,ZIC4
ICGC_MB90,PPP1R3G
ICGC_MB94,CCDC62
ICGC_MB213,CACNA1H
ICGC_MB291,MATN2
135469,GPR113
135469,TMC5
ICGC_MB171,MMP15
ICGC_MB171,LILRB4
126851,PTPRU
126851,INADL
126851,OVGP1
126851,SSR2
126851,STX6
126851,PRELP
126851,MLK4
126851,MTR
126851,OR2T10
126851,KIDINS220
126851,PLB1
126851,CCDC12
126851,USP19
126851,WDR5B
126851,CCDC149
126851,CXCL11
126851,TMEM144
126851,SEC24A
126851,RANBP17
126851,KCNQ5
126851,MDN1
126851,LAMA4
126851,SYNE1
126851,SYNE1
126851,CNKSR3
126851,LRRD1
126851,MUC17
126851,TTC26
126851,KMT2C
126851,DOK2
126851,PLAT
126851,HGSNAT
126851,C8orf34
126851,FER1L6
126851,COL22A1
126851,CNTLN
126851,ADAMTSL1
126851,PTPDC1
126851,HIATL1
126851,CORO2A
126851,GRIN3A
126851,GARNL3
126851,DCLRE1C
126851,CTBP2
126851,CD44
126851,CTNND1
126851,FAT3
126851,SMCO2
126851,ATF1
126851,CD63
126851,ACSS3
126851,SLC25A3
126851,UFM1
126851,SERPINE3
126851,METTL3
126851,HIF1A
126851,TRIP11
126851,BAG5
126851,TEX22
126851,TIPIN
126851,FEM1B
126851,CYP1A2
126851,DNAH3
126851,EEF2K
126851,TBC1D10B
126851,WFDC1
126851,MYO15A
126851,CCL14
126851,KRT15
126851,CCDC103
126851,FAM187A
126851,PCTP
126851,BRIP1
126851,CACNG1
126851,LLGL2
126851,TRAPPC8
126851,SALL3
126851,CTD-3193O13.9
126851,SLC27A1
126851,TMEM59L
126851,WTIP
126851,CTC-435M10.3
126851,PEG3
126851,ZNF341
126851,TMPRSS15
180422,PTCH1
ICGC_MB181,STAC2
ICGC_MB181,TCF4
ICGC_MB131,SCN10A
ICGC_MB131,R3HCC1
138689,GATC
130235,C4orf33
130235,IL7R
130235,TAF6
130235,RIMS2
130235,XRRA1
130235,HEXIM2
130235,HEXIM2
ICGC_MB91,ATAD1
ICGC_MB91,LEPREL4
ICGC_MB91,MLX
ICGC_MB91,EFCAB3
ICGC_MB91,METTL2A
104328,MASP2
104328,MASP2
104328,C1QA
104328,LCK
104328,LCK
104328,LCK
104328,LCK
104328,LCK
104328,C8B
104328,C8B
104328,C8B
104328,C8B
104328,C8B
104328,C8B
104328,C8B
104328,C8B
104328,C8B
104328,C8B
104328,C8B
104328,GFI1
104328,RFX5
104328,RFX5
104328,RFX5
104328,RFX5
104328,RFX5
104328,RFX5
104328,RFX5
104328,HAX1
104328,HAX1
104328,HAX1
104328,NTRK1
104328,CD247
104328,CD247
104328,CD247
104328,NCF2
104328,NCF2
104328,NCF2
104328,NCF2
104328,NCF2
104328,NCF2
104328,NCF2
104328,CFH
104328,CFH
104328,CFH
104328,CFH
104328,CFH
104328,CFH
104328,CFH
104328,CFH
104328,CFH
104328,CFH
104328,CFH
104328,CFH
104328,CFH
104328,CFHR1
104328,CFHR4
104328,PTPRC
104328,PTPRC
104328,PTPRC
104328,PTPRC
104328,PTPRC
104328,PTPRC
104328,PTPRC
104328,PTPRC
104328,PTPRC
104328,PTPRC
104328,PTPRC
104328,PTPRC
104328,PTPRC
104328,PTPRC
104328,PTPRC
104328,PTPRC
104328,PTPRC
104328,PTPRC
104328,PTPRC
104328,PTPRC
104328,C4BPB
104328,C4BPB
104328,C4BPB
104328,C4BPB
104328,C4BPB
104328,C4BPB
104328,CR2
104328,CR2
104328,CR2
104328,CR2
104328,CR2
104328,CR2
104328,CR2
104328,CR2
104328,CR2
104328,CR2
104328,CDC42EP3
104328,ZAP70
104328,ZAP70
104328,ZAP70
104328,CXCR4
104328,LRP1B
104328,LRP1B
104328,LRP1B
104328,ORC4
104328,ORC4
104328,ORC4
104328,ORC4
104328,ORC4
104328,ORC4
104328,ORC4
104328,CASP10
104328,CASP10
104328,CASP10
104328,CASP10
104328,CASP10
104328,CASP10
104328,CASP10
104328,CASP10
104328,CASP10
104328,ERBB4
104328,ERBB4
104328,ERBB4
104328,ATRIP
104328,TREX1
104328,TREX1
104328,DCBLD2
104328,ST3GAL6
104328,DCBLD2
104328,DCBLD2
104328,DCBLD2
104328,DCBLD2
104328,DCBLD2
104328,HCLS1
104328,HCLS1
104328,HCLS1
104328,HCLS1
104328,HCLS1
104328,ATP13A3
104328,RNF168
104328,RNF168
104328,RNF168
104328,CLNK
104328,CLNK
104328,CLNK
104328,CLNK
104328,CLNK
104328,CLNK
104328,CLNK
104328,CFI
104328,CFI
104328,CFI
104328,CFI
104328,CFI
104328,CFI
104328,TLR3
104328,TLR3
104328,TLR3
104328,IL7R
104328,IL7R
104328,IL7R
104328,C9
104328,C9
104328,C9
104328,C9
104328,C9
104328,C9
104328,C9
104328,C9
104328,C9
104328,C9
104328,C7
104328,C7
104328,C7
104328,C7
104328,C7
104328,C7
104328,C7
104328,C7
104328,C7
104328,C7
104328,C7
104328,C7
104328,C7
104328,C6
104328,C6
104328,C6
104328,C6
104328,C6
104328,C6
104328,C6
104328,C6
104328,C6
104328,C6
104328,C6
104328,C6
104328,C6
104328,AP3B1
104328,AP3B1
104328,AP3B1
104328,AP3B1
104328,AP3B1
104328,AP3B1
104328,AP3B1
104328,AP3B1
104328,AP3B1
104328,AP3B1
104328,AP3B1
104328,XRCC4
104328,XRCC4
104328,XRCC4
104328,XRCC4
104328,XRCC4
104328,KIAA0825
104328,RAD50
104328,RAD50
104328,RAD50
104328,RAD50
104328,RAD50
104328,RAD50
104328,RAD50
104328,RAD50
104328,RAD50
104328,RAD50
104328,RAD50
104328,RAD50
104328,RAD50
104328,RAD50
104328,RAD50
104328,RAD50
104328,C2
104328,C2
104328,CFB
104328,C2
104328,CFB
104328,C2
104328,CFB
104328,C2
104328,CFB
104328,C2
104328,C2
104328,CFB
104328,C2
104328,CFB
104328,C2
104328,CFB
104328,C2
104328,CFB
104328,C2
104328,CFB
104328,C2
104328,CFB
104328,CFB
104328,CFB
104328,CFB
104328,CFB
104328,CFB
104328,CFB
104328,C4A
104328,TAP2
104328,TAP2
104328,TAP2
104328,TAP2
104328,TAP2
104328,TAP2
104328,TAP2
104328,TAP1
104328,TAP1
104328,TAP1
104328,TAP1
104328,TAPBP
104328,TAPBP
104328,IL17F
104328,IL17F
104328,BCKDHB
104328,PGM3
104328,PGM3
104328,PGM3
104328,PGM3
104328,PGM3
104328,PGM3
104328,PGM3
104328,PGM3
104328,IFNGR1
104328,IFNGR1
104328,IFNGR1
104328,GRB10
104328,SBDS
104328,SBDS
104328,TYW1
104328,NBN
104328,NBN
104328,NBN
104328,NBN
104328,NBN
104328,NBN
104328,NBN
104328,NBN
104328,NBN
104328,DOCK8
104328,DOCK8
104328,DOCK8
104328,DOCK8
104328,DOCK8
104328,DOCK8
104328,DOCK8
104328,DOCK8
104328,DOCK8
104328,DOCK8
104328,DOCK8
104328,DOCK8
104328,DOCK8
104328,DOCK8
104328,DOCK8
104328,DOCK8
104328,DOCK8
104328,DOCK8
104328,DOCK8
104328,DOCK8
104328,DOCK8
104328,C5
104328,C5
104328,C5
104328,C5
104328,C5
104328,C5
104328,C5
104328,C5
104328,C5
104328,C5
104328,C5
104328,C5
104328,C5
104328,C5
104328,C5
104328,C5
104328,C5
104328,C5
104328,C5
104328,RC3H2
104328,C8G
104328,C8G
104328,IL2RA
104328,IL2RA
104328,IL2RA
104328,IL2RA
104328,DCLRE1C
104328,DCLRE1C
104328,DCLRE1C
104328,DCLRE1C
104328,DCLRE1C
104328,MBL2
104328,MBL2
104328,PRF1
104328,CD81
104328,CD81
104328,CD59
104328,CD59
104328,CD59
104328,CD59
104328,RAG1
104328,RAG1
104328,RAG2
104328,RAG2
104328,RAG1
104328,RAG2
104328,RAG2
104328,RAG2
104328,SERPING1
104328,SERPING1
104328,SERPING1
104328,SERPING1
104328,SERPING1
104328,NAALAD2
104328,NAALAD2
104328,NAALAD2
104328,NAALAD2
104328,NAALAD2
104328,NAALAD2
104328,NAALAD2
104328,MRE11A
104328,MRE11A
104328,MRE11A
104328,MRE11A
104328,MRE11A
104328,MRE11A
104328,MRE11A
104328,ATM
104328,ATM
104328,ATM
104328,ATM
104328,ATM
104328,ATM
104328,ATM
104328,ATM
104328,ATM
104328,ATM
104328,ATM
104328,ATM
104328,ATM
104328,ATM
104328,ATM
104328,ATM
104328,ATM
104328,ATM
104328,ATM
104328,ATM
104328,ATM
104328,ATM
104328,ATM
104328,ATM
104328,ATM
104328,ATM
104328,ATM
104328,ATM
104328,C11orf65
104328,ATM
104328,ATM
104328,ATM
104328,ATM
104328,ATM
104328,ATM
104328,ATM
104328,CD3E
104328,CD3E
104328,CD3E
104328,CD3E
104328,CD3D
104328,CD3G
104328,CD3G
104328,CD3G
104328,CD3G
104328,CD4
104328,CD4
104328,CD4
104328,CD4
104328,C1S
104328,C1S
104328,C1S
104328,C1S
104328,C1S
104328,C1S
104328,C1S
104328,C1S
104328,C1RL
104328,C1RL
104328,IRAK4
104328,IRAK4
104328,IRAK4
104328,IRAK4
104328,IRAK4
104328,IRAK4
104328,IRAK4
104328,IRAK4
104328,IRAK4
104328,ORAI1
104328,ORAI1
104328,RFXAP
104328,RFXAP
104328,RFXAP
104328,LMO7
104328,LIG4
104328,LIG4
104328,LIG4
104328,NFKBIA
104328,NFKBIA
104328,NFKBIA
104328,PPM1A
104328,SYNE2
104328,PML
104328,PML
104328,PML
104328,PML
104328,PML
104328,PML
104328,BLM
104328,BLM
104328,BLM
104328,BLM
104328,BLM
104328,BLM
104328,BLM
104328,BLM
104328,BLM
104328,BLM
104328,BLM
104328,BLM
104328,BLM
104328,BLM
104328,CIITA
104328,CIITA
104328,CIITA
104328,CIITA
104328,CIITA
104328,CIITA
104328,CIITA
104328,CIITA
104328,CD19
104328,CD19
104328,RABEP2
104328,CD19
104328,CD19
104328,CD19
104328,CORO1A
104328,NOD2
104328,NOD2
104328,NOD2
104328,NOD2
104328,NOD2
104328,NOD2
104328,NOD2
104328,USB1
104328,USB1
104328,USB1
104328,USB1
104328,FOXN1
104328,FOXN1
104328,FOXN1
104328,FOXN1
104328,FOXN1
104328,NF1
104328,STAT5B
104328,STAT5B
104328,STAT5B
104328,STAT5B
104328,STAT5B
104328,STAT5B
104328,STAT5B
104328,STAT5B
104328,MPO
104328,MPO
104328,MPO
104328,MPO
104328,MPO
104328,MPO
104328,UNC13D
104328,UNC13D
104328,UNC13D
104328,UNC13D
104328,UNC13D
104328,UNC13D
104328,TMC6
104328,TMC6
104328,TMC6
104328,TMC6
104328,TMC6
104328,TMC8
104328,TMC8
104328,TMC8
104328,TMC8
104328,TMC8
104328,IL12RB1
104328,IL12RB1
104328,IL12RB1
104328,IL12RB1
104328,IL12RB1
104328,MEF2B
104328,CD79A
104328,CD79A
104328,LIG1
104328,LIG1
104328,LIG1
104328,LIG1
104328,LIG1
104328,LIG1
104328,LIG1
104328,ADA
104328,ADA
104328,ADA
104328,ADA
104328,AIRE
104328,AIRE
104328,AIRE
104328,COMT
104328,COMT
104328,IGLL1
104328,IGLL1
104328,IGLL1
ICGC_MB174,VPS28
ICGC_MB252,TBC1D24
ICGC_MB252,CYB561
ICGC_MB244,PTCH1
144057,GSR
ICGC_MB264,SREK1
ICGC_MB264,KIAA1244
198151,BHMT
198151,TUB
198151,SLFN5
ICGC_MB305,BMP2K
ICGC_MB305,PAQR3
ICGC_MB305,DCTD
ICGC_MB305,FSCN3
ICGC_MB155,PLSCR5
ICGC_MB155,PTCH1
ICGC_MB155,CLUH
ICGC_MB157,CASD1
104819,CRB1
104819,LRRFIP1
104819,ZNF660
104819,BPHL
173686,ATAD3B
ICGC_MB122,APC
ICGC_MB160,MIB2
